user_id,start_seg,end_seg,avg_rr,min_hr,max_hr,avg_hr
zjk,1623618000,1623618899,36.19,60,101,80.22222222222223
zjk,1623618900,1623619799,35.25111111111111,60,101,80.03777777777778
zjk,1623619800,1623620699,36.13,60,101,81.06
zjk,1623620700,1623621599,36.00333333333333,60,101,80.4811111111111
zjk,1623621600,1623622499,36.397777777777776,60,101,80.2611111111111
zjk,1623622500,1623623399,36.21666666666667,60,101,79.73777777777778
zjk,1623623400,1623624299,35.89,60,101,80.92333333333333
zjk,1623624300,1623625199,36.068888888888885,60,101,80.03333333333333
