user_id,start_seg,end_seg,avg_rr,min_hr,max_hr,avg_hr
jnt,1623526419,1623527318,36.888888888888886,60,101,80.82666666666667
jnt,1623527319,1623528218,37.047777777777775,60,101,80.27
jnt,1623528219,1623529118,35.72,60,101,80.92444444444445
jnt,1623529119,1623530018,36.355555555555554,60,101,80.72777777777777
jnt,1623530019,1623530918,36.98555555555556,60,101,81.39555555555556
jnt,1623530919,1623531818,36.47222222222222,60,101,80.99555555555555
jnt,1623531819,1623532718,37.132222222222225,60,101,80.89222222222222
jnt,1623532719,1623533618,36.224444444444444,60,101,79.74555555555555
