user_id,start_seg,avg_hr,avg_rr,min_hr,max_hr,end_seg
jnt,1623526419,80.68722222222222,36.503055555555555,60,101,1623530018
jnt,1623530019,80.75722222222223,36.703611111111115,60,101,1623533618
