user_id,start_seg,avg_hr,avg_rr,min_hr,max_hr,end_seg
zjk,1623618000,80.45027777777777,35.893611111111106,60,101,1623621599
zjk,1623621600,80.23888888888888,36.14333333333333,60,101,1623625199
